ID,Name,Rating,,Delta,Comment,Type,P,T,Rarity,CMC,Color
24,Kytheonâ€™s Irregulars,4.5,4.5,0,"Efficient, gets in, provides a great clock, the only problem is he's not especially resilant",C,4,3,R,4,W
53,Disciple of the Ring,4.5,4,-0.5,So.. your oppenent doesn't get to cast spells once you untap?,C,3,4,M,5,U
104,"Kothophed, Soul Hoarder",4.5,4,-0.5,6/6 flier. Totally sweet.,C,6,6,R,6,B
4,Archangel of Tithes,4,4.5,0.5,,C,3,5,M,4,W
20,"Hixus, Prison Warden",4,4,0,"Not a stone-cold bomb, but routinely eats a guys and could be an N-for-1",C,4,4,R,5,W
28,Patron of the Valiant,4,3.5,-0.5,Angles win games,C,4,4,U,5,W
38,Tragic Arrogance,4,4,0,"Feels like it could almost be Duneblast, but cheaper and easier to cast.",S,,,R,5,W
43,"Alhammarret, High Arbiter",4,4,0,Bombish... though the cost is a little prohibitive,C,5,5,R,7,U
75,Soulblade Djinn,4,4,0,4/3 flyer for 5 that gives your team prowess,C,4,3,R,5,U
99,Gilt-Leaf Winnower,4,4,0,Maybe a 2-for-1?,C,4,3,R,5,B
101,Graveblade Marauder,4,3.5,-0.5,This guy is sweet!,C,1,4,R,3,B
112,Priest of the Blood Rite,4,3.5,-0.5,Totally sweet!,C,2,2,R,5,B
137,Chandra's Ignition,4,3.5,-0.5,Red Duneblast? Sign me up!,S,,,R,5,R
141,Embermaw Hellion,4,3.5,-0.5,4/5 Trample for 5 seems pretty good,C,4,5,R,5,R
157,Pia and Kiran Nalaar,4,4.5,0.5,Siege Gang Commander is in cubes for a reason,C,4,4,R,4,R
185,Managorger Hydra,4,4.5,0.5,This could get seriously out of hand,C,1,1,R,3,G
188,"Nissa, Sage Anamist",4,4,0,Planeswalkers gonna planes,C,2,2,M,3,G
192,Outland Colossus,4,4,0,Great,C,6,6,R,6,G
207,Woodland Bellower,4,4,0,Sweet,C,6,6,M,6,G
11,Consul's Lieutenant,3.5,3.5,0,,C,2,1,U,2,W
14,"Kytheon, Hero of Akros",3.5,4,0.5,,C,2,1,M,1,W
15,Gideon's Phalanx,3.5,3.5,0,Not as flexible or splashable as secure the wastes,I,,,R,7,W
22,Knight of the White Orchid,3.5,3,-0.5,Nice efficient first-striker... but a little hard to cast,C,2,2,R,2,W
29,Relic Seeker,3.5,3,-0.5,Fine... slightly better if you have Throwing Knives... but not a reason to play bad equipment like Veteran's Sidearm,C,2,2,R,2,W
30,Sentinel of the Eternal Watch,3.5,4,0.5,Blocks all day.. and lets you tap down their best attacker.,C,4,6,U,6,W
35,Swift Reckoning,3.5,3.5,0,Condisional... but... white Doom Blade?,S,,,U,2,W
41,War Oracle,3.5,3.5,0,4/4 Lifelink for 4 is busto... and this is close,C,3,3,U,4,W
58,Harbinger of the Tides,3.5,3.5,0,A totally playable 2/2 that could on a occasion really upset combat,C,2,2,R,2,U
60,"Jace, Vryn's Prodigy",3.5,3,-0.5,It's a planeswalker,C,0,2,M,2,U
79,Thopter Spy Network,3.5,3.5,0,"Seems very easy to trigger, and spews out card advantage for the rest of the game",E,,,R,4,U
80,Tower Geist,3.5,3.5,0,Seems great,C,2,2,U,4,U
83,Whirler Rogue,3.5,4,0.5,Seems great,C,2,2,U,4,U
94,Erebos's Titan,3.5,3,-0.5,5/5s for 4 are great and this one keeps coming back :),C,5,5,M,4,B
96,Eyeblight Massacre,3.5,3.5,0,Drown in Sorrower,S,,,U,4,B
105,Languish,3.5,4,0.5,Damnation a black wrath!,S,,,R,4,B
106,"Liliana, Defiant Necromancer",3.5,3,-0.5,"2/3 lifelinker for 3 is sweet, and she flips pretty easily",C,2,3,M,3,B
127,Abbot of Keral Keep,3.5,3.5,0,Great efficient card,C,2,1,R,2,R
128,Acolyte of the Inferno,3.5,3,-0.5,Spicy,C,3,1,U,3,R
131,Avaricious Dragon,3.5,3,-0.5,In limited this guy probably isn't going to just mind-twist you,C,4,4,M,4,R
135,"Chandra, Fire of Kaladesh",3.5,3.5,0,Decent and easy enough to flip.,C,2,2,M,3,R
143,Exquisite Firecraft,3.5,3.5,0,Good burn spell,S,4,,R,3,R
156,Molten Vortex,3.5,3,-0.5,Sweet card advantage engine/reach for midrange red,E,,,R,1,R
160,Scab-Clan Berserker,3.5,3,-0.5,Sweet,C,2,2,R,3,R
173,Dwynen's Elite,3.5,3,-0.5,"Fantastic and efficient, everything you want from a 2-dropw",C,2,2,U,2,G
196,Skysnare Spider,3.5,3.5,0,This is all I want to do with 6 mana,C,6,6,U,6,G
200,Timberpack Wolf,3.5,3,-0.5,Fantastic,C,2,2,C,2,G
212,Bounding Krasis,3.5,3.5,0,You could totally eat two guys with this.,C,3,3,U,3,M
213,Citadel Castellan,3.5,3.5,0,A 4/5 with vigilance is totally borken.,C,2,3,U,3,M
229,Hangarback Walker,3.5,4,0.5,Cool value card,C,*,*,R,XX,A
250,Rogue's Passage,3.5,3,-0.5,Seems like a sweet utility land,L,,,U,0,L
21,Knight of the Pilgrim's Road,3,3,0,I wish all 3-drops were 3/Xs... and the renown is bonus,C,3,2,C,3,W
9,Charging Griffon,3,2.5,-0.5,,C,2,2,C,4,W
23,Knightly Valor,3,3.5,0.5,Puts two bodies on the board... but it is a 5-drop.,E,,,U,5,W
34,Suppression Bonds,3,3,0,Expensive Arrest... combos with Auramancer and Heartbeast,E,,,C,4,W
36,Topan Freeblade,3,3,0,Great... it's a bear that if it gets in becomes a 3/3/,C,2,2,C,2,W
44,Anchor to the AEther,3,3,0,Sorcery speed Whisk,S,,,U,3,U
50,Claustophobia,3,3.5,0.5,Close to unconditional removal,E,,,C,3,U
54,Disperse,3,2.5,-0.5,So.. Boomerang?,I,,,C,2,U
59,Hydrolash,3,3,0,It says draw a card right on it.,I,,,U,3,U
62,Jhessian Thief,3,3.5,0.5,It says draw a card right on it.,C,1,3,U,3,U
68,Ringwarden Owl,3,3,0,Sweet,C,3,3,C,5,U
82,Watercourser,3,2.5,-0.5,Seems like a great 3-drop,C,2,3,C,3,U
88,Cruel Revival,3,3.5,0.5,"... Reach of Shadows was totally playable, and this might get you a zombie",I,,,U,5,B
93,Despoiler of Souls,3,2.5,-0.5,Sweet,C,3,1,R,2,B
97,Fetid Imp,3,3,0,Rats off to ya.,C,1,2,C,2,B
114,Read the Bones,3,3.5,0.5,Great,S,,,C,3,B
119,Shambling Ghoul,3,3,0,Great,C,2,3,C,2,B
124,Undead Servant,3,3,0,Great...  I want my entire 4-slot to be these guys,C,3,2,C,4,B
125,Unholy Hunger,3,3.5,0.5,Reach of Shadows is a good card (I actually really like that this is double black).,I,,,C,5,B
130,Akroan Sergeant,3,3,0,Spicy part 2,C,2,2,C,3,R
133,Boggart Brute,3,2.5,-0.5,Sweet,C,3,2,C,3,R
145,Fiery Impulse,3,3.5,0.5,Shock is a good card (and Lightning Bolt is the best card).,I,2,,C,1,R
149,Ghirapur Gearcrafter,3,3.5,0.5,Sweet,C,3,2,C,3,R
153,Lightning Javelin,3,3,0,Lightning Bolt is even good if it costs 4,S,3,,C,4,R
159,Ravaging Blaze,3,3.5,0.5,Removal is removal,I,X,,U,2X,R
161,Seismic Elemental,3,3.5,0.5,This is how you want your Falter effects,C,4,4,U,5,R
165,Thopter Engineer,3,3.5,0.5,Great,C,2,4,U,3,R
172,"Dwynen, Gilt-Leaf Daen",3,3.5,0.5,"Solid, but needs real synergy to be great",C,3,4,R,4,G
177,Gaea's Revenge,3,2.5,-0.5,Stone cold bomb,C,8,5,R,7,G
183,Leaf Gilder,3,3.5,0.5,Decent,C,2,1,C,2,G
184,Llanowar Empath,3,3,0,Sweet,C,2,2,C,4,G
193,Pharika's Disciple,3,3,0,Great,C,2,3,C,4,G
195,Rhox Maulers,3,3,0,These guys seem sweet,C,4,4,C,5,G
197,Somberwald Alpha,3,3,0,Sweet,C,3,2,U,4,G
202,Undercity Troll,3,3.5,0.5,Decent,C,2,2,U,2,G
203,Valeron Wardens,3,2.5,-0.5,Seems decent,C,1,3,U,3,G
210,Blazing Hellhound,3,3,0,Totally playable,C,4,3,U,4,M
211,Blood-Cursed Knight,3,3,0,Also sweet,C,3,2,U,3,M
214,Iroas's Champion,3,3.5,0.5,Sweet,C,2,2,U,3,M
215,Possessed Skaab,3,3.5,0.5,"A little inefficient, but it gravediggs",C,3,2,U,5,M
217,Shaman of the Pack,3,2.5,-0.5,Cool reach card for an elf deck,C,3,2,U,3,M
218,Thunderclap Wyvern,3,3.5,0.5,,C,2,3,U,4,M
219,Zendikar Incarnate,3,3.5,0.5,It's a 4/4 for 4 with upside.,C,4,4,U,4,M
232,Mage-Ring Responder,3,2.5,-0.5,Seems great if you can cast it,C,7,7,R,7,A
241,Throwing Knife,3,2.5,-0.5,Decent equipment,A,,,U,2,A
244,Battlefield Forge,3,3,0,Money draft,L,,,R,0,L
245,Caves of Koilos,3,3,0,Money Draft,L,,,R,0,L
246,Evolving Wilds,3,3,0,Decent Fixing,L,,,C,0,L
248,Llanowar Wastes,3,3,0,Money draft,L,,,R,0,L
251,Shivan Reef ,3,3,0,Money draft,L,,,R,0,L
252,Yavimaya Coast,3,3,0,Money draft,L,,,R,0,L
3,Anointer of Champions,2.5,3,0.5,,C,1,1,U,1,W
5,Auramancer,2.5,2,-0.5,(Combos with suppression bonds),C,2,2,C,3,W
7,Blessed Spirits,2.5,3,0.5,,C,2,2,U,3,W
8,Celestial Flare,2.5,3,0.5,,I,,,C,2,W
10,Cleric of the Forward Order,2.5,2.5,0,,C,2,2,C,2,W
32,Stalwart Aven,2.5,3,0.5,"Seems fine... like updraft elemental, but maybe a little better",C,1,3,C,3,W
37,Totem-Guide Hartebeest,2.5,2,-0.5,Tutors up Suppression Bonds,C,2,5,U,5,W
40,Vryn Wingmare,2.5,3,0.5,More relevant in constructed,C,2,1,R,3,W
46,Aspiring Aeronaut,2.5,3,0.5,Weak.. but maybe if you need a creature....,C,1,2,C,4,U
64,Mizzium Meddler,2.5,3,0.5,Seems so situational,C,1,4,R,3,U
69,Scrapskin Drake,2.5,2,-0.5,Cloud Elemental is fine if aggressive,C,2,3,C,3,U
72,Separatist Voidmage,2.5,3,0.5,Man-o-war!,C,2,2,C,4,U
73,Sigiled Starfish,2.5,3,0.5,Not quite a looter,C,0,3,U,2,U
74,Skaab Goliath,2.5,2,-0.5,He's huge... though the drawback is real.,C,6,9,U,6,U
77,Stratus Walk,2.5,3,0.5,Seems like fine filler for an aggressive deck,E,,,C,2,U
89,Dark Dabbling,2.5,2,-0.5,"I think ""Draw a card"" actually makes this better than Butcher's Glee, even without the lifelink",I,,,C,3,B
91,Deadbridge Shaman,2.5,3,0.5,Decent,C,3,1,C,3,B
95,Eyeblight Assassin,2.5,3,0.5,Maybe a 2-for-1?,C,2,2,C,3,B
98,Fleshbag Marauder,2.5,2,-0.5,Playable... and fine,C,3,1,U,3,B
109,Nantuko Husk,2.5,3,0.5,Seems fine... lets you trade your worst guy for a 3/3,C,2,2,C,3,B
115,Reave soul,2.5,3,0.5,Slightly more playable than defeat,S,,,C,2,B
118,Shadows of the Past,2.5,3,0.5,This could easily be a card that's totally blank in a match,E,,,U,2,B
146,Fierfiend Elemental,2.5,3,0.5,You can keep it hidden until it gets in... at which point it's a 4/3.,C,3,2,C,4,R
147,Flameshadow Conjuring,2.5,2,-0.5,Seems like a sweet card advantage engine,E,,,R,4,R
158,Prickleboar,2.5,2,-0.5,That's a 5 at common I like,C,3,3,C,5,R
162,Skyraker Giant,2.5,3,0.5,Summy-P!,C,4,3,U,4,R
171,Conclave Naturalist,2.5,3,0.5,"4/4 for 5 is a little weak for Green, and the ETB effect is mostly sideboard",C,4,4,U,5,G
175,Elvish Visionary,2.5,3,0.5,"It says ""draw a card"" right on it!",C,1,1,C,2,G
179,Herald of the Pantheon,2.5,2.5,0,Bears are fine,C,2,2,R,2,G
180,Hitchclaw Recluse,2.5,3,0.5,Blocks all day,C,1,4,C,3,G
182,Joraga Invocation,2.5,3.5,1,Seems really situational,S,,,U,6,G
187,Might of the Masses,2.5,2,-0.5,Decent combat trick,I,,,C,1,G
190,Nissa's  Revelation,2.5,3,0.5,Barely playable ,S,,,R,7,G
191,Orchard Spirit,2.5,2,-0.5,2/2 flyer for 2 is fine,C,2,2,C,3,G
201,Titanic Growth,2.5,2,-0.5,It's no Giant Growth,I,,,C,2,G
206,Wild Instincts,2.5,3,0.5,Epic confrontation cost 2 :(,S,,,C,4,G
222,Angel's Tomb,2.5,2,-0.5,Could be totally sweet,A,3,3,U,3,A
226,Gold-Forged Sentinel,2.5,2,-0.5,Fine,C,4,4,U,6,A
240,Sword of the Animist,2.5,2.5,0,Potentially decent equipment,A,,,R,2,A
247,Foundry of the Consuls,2.5,3,0.5,I hear man-lands are pretty good,L,,,U,0,L
2,Ampryn Tactician,2,2.5,0.5,,C,3,3,C,4,W
18,Healing Hands,2,2,0,A more efficient resupply,S,,,C,3,W
26,Mightly Leap,2,1.5,-0.5,Passable combat trick... but there's no doublestrike in this set :(,I,,,C,2,W
49,Clash of Wills,2,3,1,Soft counters seem pretty bad in limited,I,,,U,0,U
52,Deep-Sea Terror,2,2.5,0.5,Seems like a decent top-end card like Gurmag Angler,C,6,6,C,6,U
70,Screeching Skaab,2,1.5,-0.5,"Fine, but not great",C,2,1,C,2,U
81,Turn to Frog,2,2,0,Conditional Removal,I,,,U,2,U
90,Dark Petition,2,1.5,-0.5,Dark Ritual is sweet,S,,,R,5,B
102,Infernal Scarring,2,2.5,0.5,Decent in a beat-down deck,E,,,C,2,B
107,Macabre Waltz,2,2.5,0.5,Barely playable,S,,,C,2,B
108,Malakir Cullblade,2,3,1,Terrible late game draw... and kind of weak in the early game... definately a BCSM magnet,C,1,1,U,2,B
110,Necromantic Summons,2,2.5,0.5,These reanimation spells just don't seem to do anything in limited,S,,,U,5,B
113,Rabid Bloodsucker,2,2,0,So inefficient,C,3,2,C,5,B
116,Returned Centaur,2,1.5,-0.5,"Seems fine, but not great. The milling seems irrelevant unless you're playing giant skaab.",C,2,4,C,4,B
117,Reveant,2,2.5,0.5,Seems too unreliable for a curve topper.... I mean how many creatures are really going to be in the yard,C,*,*,U,5,B
140,Dragon Fodder,2,2.5,0.5,Barely playable in a beatdown deck,S,2,2,C,2,R
142,Enthralling victor ,2,1.5,-0.5,Seems overpriced and the threaten effect doesn't seem especially relevant,C,3,2,U,4,R
155,Magmatic Insight,2,1.5,-0.5,A slightly cheaper tormenting voice doesn't make it that much more playable,S,,,U,1,R
164,Subterranean Scout,2,2,0,Goblin piker is fine.. and it offers the tiniest bit of reach,C,2,1,C,2,R
166,Titan's Strength,2,1.5,-0.5,"Good in a beat-down deck.. but might be crowded out by Infectious Bloodlust, etc.",I,,,C,1,R
204,Vastwood Gorger,2,1.5,-0.5,A big stupid dude,C,6,5,C,6,G
208,Yeva's Forcemage,2,1.5,-0.5,Fine,C,2,2,C,3,G
216,Reclusive Artificer,2,1.5,-0.5,Cool synergy card,C,2,3,U,4,M
220,Alchemist's Vial,2,1.5,-0.5,Cycles and provides reach,A,,,C,2,A
225,Chief of the Foundry,2,1.5,-0.5,Neat build around,C,2,3,U,3,A
227,Guardian Automaton,2,2,0,Fine,C,3,3,C,4,A
233,Meteorite,2,2,0,Verrah slow mana-rock,A,,,U,5,A
238,Runed Servitor,2,2,0,Fine,C,2,2,U,2,A
13,Enshrouding Mist,1.5,2,0.5,,I,,,C,1,W
16,Grasp of the Hieromancer,1.5,2,0.5,Doesn't even do what I want an aura to do (provide a terrifying clock).,E,,,C,2,W
19,Heavy infantry,1.5,1.5,0,I really want my 5s to be an angel. You've only got so many slots for 5-drops,C,3,4,C,5,W
25,Kytheon's Tactics,1.5,1.5,0,"Role-player in a ""go wide"" deck",S,,,C,3,W
27,Murder Investigation,1.5,1,-0.5,Seems pretty hard to actually get value out of this guy,E,,,U,2,W
39,Valor in Akros,1.5,1.5,0,I think you'd probably prefer a creature... not nearly as powerful as Beserkers Onslaught,E,,,U,4,W
45,Artificers' Epiphany,1.5,1.5,0,Instant divination!,I,,,C,3,U
47,Bone to Ash,1.5,1.5,0,Even more niche than contradict,I,,,C,4,U
48,Calculated Dismissal,1.5,2,0.5,Mana leak without the benefit of being castable in the early game,I,,,C,3,U
51,Day's Undoing,1.5,0,-1.5,Neat... but barely playable,S,,,M,3,U
56,Dreadwaters,1.5,1,-0.5,Fringe playable,S,,,C,4,U
61,Jace's Sanctum,1.5,1.5,0,"High set-up cost, but I can see the need to ""go for it"" if you open it pack 1",E,,,R,4,U
63,Maritime Guard,1.5,1,-0.5,Blocks all day,C,1,3,C,2,U
65,Negate,1.5,2,0.5,Sideboard material,I,,,C,2,U
66,Nivix Barrier,1.5,1.5,0,,C,0,4,C,4,U
71,Send to Sleep,1.5,1,-0.5,"Ojutai's breath, but a little more effciently costed",I,,,C,2,U
76,Sphinx's Tutalage,1.5,1.5,0,Another do-nothing enchantment (cycles for 9 ;-),E,,,U,3,U
85,Blightcaster,1.5,2,0.5,Doesn't seem very good... I don't think you're all that likey to get a trigger out of it.,C,2,3,U,4,B
87,Consecrated by Blood,1.5,2,0.5,Seems almost playable,E,,,U,4,B
100,Gnarlroot Trapper,1.5,2,0.5,Requires elf synergies to be even worth a card,C,1,1,U,1,B
111,Nightsnare,1.5,1,-0.5,Hand attack also seems barely playable in limited,S,,,C,4,B
121,Thornbow Archer,1.5,1,-0.5,Pulsetracker,C,1,2,C,1,B
126,Weight of the Underworld,1.5,2,0.5,Really expensive Debilitating Injury,E,,,C,4,B
134,Call of the Full Moon,1.5,1,-0.5,Flavour-win. Playable in a beat-down deck,E,,,U,2,R
144,Fiery Conclusion,1.5,1.5,0,Better Collateral Damage (not that that's saying much).,I,5,,U,2,R
148,Ghirapur AEther Grid,1.5,1,-0.5,Situational synergy card for the thopter deck,E,,,U,3,R
150,Goblin Glory Chaser,1.5,1,-0.5,"Only good on turn 1, but there's a deck that wants this",C,1,1,U,1,R
152,Infectious Bloodlust,1.5,1,-0.5,"Like Infernal Scarring, but the card you draw is a beat-down enchantment.",E,,,C,2,R
154,Mage-Ring Bully,1.5,1,-0.5,Seems Great,C,2,2,C,2,R
167,Volcanic Rambler,1.5,1,-0.5,"Decent curve topper/mana-sink, but not spectacular.",C,6,4,C,6,R
174,Elemental Bond,1.5,1.5,0,Temur ascendency wasn't really playable either,E,,,U,3,G
178,Gather the Pack,1.5,1,-0.5,Co-Co was barely playable in limited.,S,,,U,2,G
181,Honored Hierarch,1.5,1,-0.5,A mana elf that doesn't even,C,1,1,R,1,G
189,Nissa's Pilgimige,1.5,2,0.5,Situational ,S,,,C,3,G
198,Sylvan Messenger,1.5,1.5,0,If it hits... less if you don't have enough elves,C,2,2,U,4,G
209,Zendikar's Roil,1.5,2,0.5,Unplayable... but maybe sweet,E,,,U,5,G
223,Bonded Construct,1.5,1,-0.5,Trades up,C,2,1,C,1,A
228,Guardians of Meletis,1.5,1,-0.5,Terrible Life Gain Spell,C,0,6,C,3,A
236,Pyromancer's Goggles,1.5,3,1.5,More sweet than good,A,,,M,5,A
237,Ramroller,1.5,1,-0.5,Way above curve if you can turn it on.,C,2,3,U,3,A
239,Sigile of Valor,1.5,1,-0.5,Potentially decent equipment,A,,,U,2,A
243,War Horn,1.5,1.5,0,Bad Beserker's Onslaught,A,,,U,3,A
249,Mage-Ring Network,1.5,1,-0.5,Sweet card for the cube,L,,,U,0,L
6,Aven Battle Priest,1,1.5,0.5,,C,3,3,C,6,W
31,Sigle of the Empty Throne,1,1.5,0.5,"Expensive, doesn't do anything... invites BCSM",E,,,R,5,W
55,Displacement Wave,1,1,0,Duneblastish,S,,,R,2,U
57,Faerie Miscreant,1,1.5,0.5,You have to play 2 before you're even on cards... which is an aweful position to be in ,C,1,1,C,1,U
67,Psychic Rebuttal,1,0.5,-0.5,I still think counters in Limited are fringe playable,I,,,U,2,U
84,Willbreaker,1,1.5,0.5,Seems like a casual-constructed build-around-me,C,2,3,R,5,U
86,Catacomb Slug,1,1,0,The mastodon was a 2/8 and it was barely playable,C,2,6,C,5,B
92,Demonic Pact,1,1,0,Sweet... but likely to lose you the game if you actually play it,E,,,M,4,B
123,Touch of the Moonglove,1,1,0,Seems very likely to 2-for-1 you.,I,,,C,1,B
129,Act of Treason,1,1.5,0.5,Role player in certain decks,S,,,C,3,R
136,Chandra's Fury,1,1.5,0.5,Lava axe is playable in a very particular deck.. and the ping-for-1 seems like sideboard material if its relevant at all.,I,,,C,5,R
138,Cobblebrute,1,1.5,0.5,Bloodfire Enforcers you can't turn on... sign me up?,C,5,2,C,4,R
186,Mantle of the Webs,1,0.5,-0.5,Unplayable,E,,,C,2,G
234,Orbs of Warding,1,1.5,0.5,Sideboard material,A,,,R,5,A
1,Akroan Jailer,0.5,1,0.5,,C,1,1,C,1,W
12,Enlightedn Ascetic,0.5,0.5,0,,C,1,1,C,2,W
17,Hallowed Moonlight,0.5,1,0.5,Looks like constructed sideboard tech to me,I,,,R,2,W
33,Starfield of Nyx,0.5,0,-0.5,Seems unplayable... maybe a combo card for constructed?,E,,,M,5,W
78,Talent of the Telepath,0.5,0.5,0,The risk of wiffing or hitting something irrelevant seems very real.,S,,,R,4,U
120,Tainted Remedy,0.5,0,-0.5,Sideboard,E,,,R,3,B
139,Demolish,0.5,0,-0.5,Sideboard only,S,,,C,4,R
151,Goblin Piledriver,0.5,0.5,0,Great in a deck with enough goblins,C,1,2,R,2,R
163,Smash to Smithereens,0.5,0.5,0,Sideboard material,I,3,,C,2,R
168,Aerial Volley,0.5,0.5,0,Sideboard,I,3,,C,1,G
170,Caustic Caterpillar,0.5,0.6,0.1,Sideboard,C,1,1,C,1,G
176,Evolutionary Leap,0.5,0,-0.5,Unless you can generate tokens to sac... I don't really see this being playable,E,,,R,2,G
194,Reclaim,0.5,0,-0.5,,I,,,C,1,G
205,Vine Snare,0.5,0.5,0,Barely Playable,I,,,C,3,G
224,Brawler's Plate,0.5,1,0.5,"Yay, bad equipment!",A,,,U,3,A
230,Helm of the Gods,0.5,0,-0.5,Casual constructed card,A,,,R,1,A
231,Jayemdae Tome,0.5,0,-0.5,Likely way too slow,A,,,U,4,A
235,Prisim Ring,0.5,0,-0.5,Unplayable,A,,,U,1,A
242,Veteran's Sidearm,0.5,0,-0.5,Bad Equipment,A,,,C,1,A
42,Yoked Ox,0.4,1,0.6,Sideboard material,C,0,4,C,1,W
103,Infinate Obliteration,0,0,0,Unplayable,S,,,R,3,B
122,Tormented Thoughts,0,0.5,0.5,This could easily be worse than blank.,S,,,U,3,B
132,Bellows Lizard,0,0.5,0.5,Wildly unplayable,C,1,1,C,1,R
169,Animist's Awakening,0,0,0,Kind of irelevant,S,,,R,1X,G
199,The Great Aurora,0,0,0,Unplayable,S,,,M,9,G
221,Alhammarret's Archive,0,0,0,Commander card,A,,,M,5,A